Workbook

Sheet Invoice_Data
A1: Month | B1: Invoice Date | C1: Invoice No | D1: Document Type | E1: Item # | F1: Material | G1: Description | H1: Qty | I1: Unit Price | J1: Amount | K1: Is Credit | L1: Days in Month | M1: Invoice Amount | N1: Credit Amount | O1: Net Amount | P1: Storage Qty Used for KPI | Q1: Post-30 Qty Used for KPI
A2: Dec-2025 | B2: 46022 | C2: 341033685 | D2: Invoice | E2: 10 | F2: 5704621 | G2: RECEIVING, STORAGE FEE 1ST- END OF MONTH | H2: 35746.9 | I2: 0.66 | J2: 23592.95 | K2: 0 | L2: 31 | M2: =IF($K2=0,$J2,0) -> 23592.95 | N2: =IF($K2=1,$J2,0) -> 0 | O2: =$M2-$N2 -> 23592.95 | P2: =IF($K2=0,$H2,0) -> 35746.9 | Q2: =IF(AND($K2=0,$E2=20),$H2,0) -> 0
A3: Dec-2025 | B3: 46022 | C3: 341033685 | D3: Invoice | E3: 20 | F3: 5704618 | G3: STORAGE FEE MONTHLY POST 30 DAYS | H3: 353.414 | I3: 0.41 | J3: 144.9 | K3: 0 | L3: 31 | M3: =IF($K3=0,$J3,0) -> 144.9 | N3: =IF($K3=1,$J3,0) -> 0 | O3: =$M3-$N3 -> 144.9 | P3: =IF($K3=0,$H3,0) -> 353.414 | Q3: =IF(AND($K3=0,$E3=20),$H3,0) -> 353.414
A4: Jan-2026 | B4: 46053 | C4: 341291715 | D4: Invoice | E4: 10 | F4: 5704621 | G4: RECEIVING, STORAGE FEE 1ST- END OF MONTH | H4: 52654.931 | I4: 0.66 | J4: 34752.25 | K4: 0 | L4: 31 | M4: =IF($K4=0,$J4,0) -> 34752.25 | N4: =IF($K4=1,$J4,0) -> 0 | O4: =$M4-$N4 -> 34752.25 | P4: =IF($K4=0,$H4,0) -> 52654.931 | Q4: =IF(AND($K4=0,$E4=20),$H4,0) -> 0
A5: Jan-2026 | B5: 46091 | C5: 341545159 | D5: Credit Memo | E5: 10 | F5: 5704621 | G5: RECEIVING, STORAGE FEE 1ST- END OF MONTH | H5: 1 | I5: 1688.23 | J5: 1688.23 | K5: 1 | L5: 31 | M5: =IF($K5=0,$J5,0) -> 0 | N5: =IF($K5=1,$J5,0) -> 1688.23 | O5: =$M5-$N5 -> -1688.23 | P5: =IF($K5=0,$H5,0) -> 0 | Q5: =IF(AND($K5=0,$E5=20),$H5,0) -> 0
A6: Feb-2026 | B6: 46081 | C6: 341525270 | D6: Invoice | E6: 10 | F6: 5704621 | G6: RECEIVING, STORAGE FEE 1ST- END OF MONTH | H6: 54380.4 | I6: 0.66 | J6: 35891.06 | K6: 0 | L6: 28 | M6: =IF($K6=0,$J6,0) -> 35891.06 | N6: =IF($K6=1,$J6,0) -> 0 | O6: =$M6-$N6 -> 35891.06 | P6: =IF($K6=0,$H6,0) -> 54380.4 | Q6: =IF(AND($K6=0,$E6=20),$H6,0) -> 0
A7: Mar-2026 | B7: 46112 | C7: 341829896 | D7: Invoice | E7: 10 | F7: 5704621 | G7: RECEIVING, STORAGE FEE 1ST- END OF MONTH | H7: 44607.878 | I7: 0.66 | J7: 29441.2 | K7: 0 | L7: 31 | M7: =IF($K7=0,$J7,0) -> 29441.2 | N7: =IF($K7=1,$J7,0) -> 0 | O7: =$M7-$N7 -> 29441.2 | P7: =IF($K7=0,$H7,0) -> 44607.878 | Q7: =IF(AND($K7=0,$E7=20),$H7,0) -> 0
A8: Mar-2026 | B8: 46112 | C8: 341829896 | D8: Invoice | E8: 20 | F8: 5704618 | G8: STORAGE FEE MONTHLY POST 30 DAYS | H8: 1323.541 | I8: 0.41 | J8: 542.65 | K8: 0 | L8: 31 | M8: =IF($K8=0,$J8,0) -> 542.65 | N8: =IF($K8=1,$J8,0) -> 0 | O8: =$M8-$N8 -> 542.65 | P8: =IF($K8=0,$H8,0) -> 1323.541 | Q8: =IF(AND($K8=0,$E8=20),$H8,0) -> 1323.541

Sheet Formula_Guide
A1: KPI | B1: Formula | C1: Explanation
A2: Estimated Avg Daily Positions | B2: Total Storage Qty / Days in Month | C2: Estimated average daily warehouse footprint. Valid only if Qty is a daily storage metric.
A3: Cost per Storage Position / Month | B3: Net Storage Spend / Estimated Avg Daily Positions | C3: Estimated monthly cost for one average storage position.
A4: Cost per Qty Unit | B4: Net Storage Spend / Total Storage Qty | C4: Effective cost per billed Qty unit.
A5: Inventory Aging % | B5: Post-30-Day Qty / Total Storage Qty | C5: Share of storage volume tied to inventory beyond 30 days.
A6: Storage Volume Trend | B6: (Current Month Total Qty - Prior Month Total Qty) / Prior Month Total Qty | C6: Month-over-month change in billed storage volume.
A7: Spend Trend | B7: (Current Month Net Spend - Prior Month Net Spend) / Prior Month Net Spend | C7: Month-over-month change in net spend.

Sheet McKesson_Storage_KPI_Summary
A1: McKesson Storage KPI Summary
A3: Summary
A4: Storage spend peaked in February at $35.9K and improved to $30.0K in March. The main cost driver is Item 10 standard receiving/storage volume, not post-30-day aging inventory. The estimated average daily storage positions assume McKesson Qty represents a daily storage metric such as pallet-days, bin-days, or location-days. McKesson should confirm the exact Qty definition before these are used as official RFQ benchmarks.
A8: KPI | B8: Dec-2025 | C8: Jan-2026 | D8: Feb-2026 | E8: Mar-2026 | F8: Formula Followed | H8: Month | I8: Item 10 Qty | J8: Item 10 Amount | K8: Item 20 Qty | L8: Item 20 Amount | M8: Credit
A9: Total Storage Spend | B9: =SUMIFS(Invoice_Data!$O:$O,Invoice_Data!$A:$A,B$8) -> 23737.85 | C9: =SUMIFS(Invoice_Data!$O:$O,Invoice_Data!$A:$A,C$8) -> 33064.02 | D9: =SUMIFS(Invoice_Data!$O:$O,Invoice_Data!$A:$A,D$8) -> 35891.06 | E9: =SUMIFS(Invoice_Data!$O:$O,Invoice_Data!$A:$A,E$8) -> 29983.85 | F9: Invoice Amount - Credit Amount | H9: Dec-2025 | I9: =SUMIFS(Invoice_Data!$H:$H,Invoice_Data!$A:$A,H9,Invoice_Data!$E:$E,10,Invoice_Data!$K:$K,0) -> 35746.9 | J9: =SUMIFS(Invoice_Data!$M:$M,Invoice_Data!$A:$A,H9,Invoice_Data!$E:$E,10) -> 23592.95 | K9: =SUMIFS(Invoice_Data!$H:$H,Invoice_Data!$A:$A,H9,Invoice_Data!$E:$E,20,Invoice_Data!$K:$K,0) -> 353.414 | L9: =SUMIFS(Invoice_Data!$M:$M,Invoice_Data!$A:$A,H9,Invoice_Data!$E:$E,20) -> 144.9 | M9: =SUMIFS(Invoice_Data!$N:$N,Invoice_Data!$A:$A,H9) -> 0
A10: Gross Invoice Cost | B10: =SUMIFS(Invoice_Data!$M:$M,Invoice_Data!$A:$A,B$8) -> 23737.85 | C10: =SUMIFS(Invoice_Data!$M:$M,Invoice_Data!$A:$A,C$8) -> 34752.25 | D10: =SUMIFS(Invoice_Data!$M:$M,Invoice_Data!$A:$A,D$8) -> 35891.06 | E10: =SUMIFS(Invoice_Data!$M:$M,Invoice_Data!$A:$A,E$8) -> 29983.85 | F10: SUM invoice line amounts, excluding credit memos | H10: Jan-2026 | I10: =SUMIFS(Invoice_Data!$H:$H,Invoice_Data!$A:$A,H10,Invoice_Data!$E:$E,10,Invoice_Data!$K:$K,0) -> 52654.931 | J10: =SUMIFS(Invoice_Data!$M:$M,Invoice_Data!$A:$A,H10,Invoice_Data!$E:$E,10) -> 34752.25 | K10: =SUMIFS(Invoice_Data!$H:$H,Invoice_Data!$A:$A,H10,Invoice_Data!$E:$E,20,Invoice_Data!$K:$K,0) -> 0 | L10: =SUMIFS(Invoice_Data!$M:$M,Invoice_Data!$A:$A,H10,Invoice_Data!$E:$E,20) -> 0 | M10: =SUMIFS(Invoice_Data!$N:$N,Invoice_Data!$A:$A,H10) -> 1688.23
A11: Credits | B11: =SUMIFS(Invoice_Data!$N:$N,Invoice_Data!$A:$A,B$8) -> 0 | C11: =SUMIFS(Invoice_Data!$N:$N,Invoice_Data!$A:$A,C$8) -> 1688.23 | D11: =SUMIFS(Invoice_Data!$N:$N,Invoice_Data!$A:$A,D$8) -> 0 | E11: =SUMIFS(Invoice_Data!$N:$N,Invoice_Data!$A:$A,E$8) -> 0 | F11: SUM credit memo amounts | H11: Feb-2026 | I11: =SUMIFS(Invoice_Data!$H:$H,Invoice_Data!$A:$A,H11,Invoice_Data!$E:$E,10,Invoice_Data!$K:$K,0) -> 54380.4 | J11: =SUMIFS(Invoice_Data!$M:$M,Invoice_Data!$A:$A,H11,Invoice_Data!$E:$E,10) -> 35891.06 | K11: =SUMIFS(Invoice_Data!$H:$H,Invoice_Data!$A:$A,H11,Invoice_Data!$E:$E,20,Invoice_Data!$K:$K,0) -> 0 | L11: =SUMIFS(Invoice_Data!$M:$M,Invoice_Data!$A:$A,H11,Invoice_Data!$E:$E,20) -> 0 | M11: =SUMIFS(Invoice_Data!$N:$N,Invoice_Data!$A:$A,H11) -> 0
A12: Total Storage Qty | B12: =SUMIFS(Invoice_Data!$P:$P,Invoice_Data!$A:$A,B$8) -> 36100.314 | C12: =SUMIFS(Invoice_Data!$P:$P,Invoice_Data!$A:$A,C$8) -> 52654.931 | D12: =SUMIFS(Invoice_Data!$P:$P,Invoice_Data!$A:$A,D$8) -> 54380.4 | E12: =SUMIFS(Invoice_Data!$P:$P,Invoice_Data!$A:$A,E$8) -> 45931.419 | F12: Item 10 Qty + Item 20 Qty, excluding credit memos | H12: Mar-2026 | I12: =SUMIFS(Invoice_Data!$H:$H,Invoice_Data!$A:$A,H12,Invoice_Data!$E:$E,10,Invoice_Data!$K:$K,0) -> 44607.878 | J12: =SUMIFS(Invoice_Data!$M:$M,Invoice_Data!$A:$A,H12,Invoice_Data!$E:$E,10) -> 29441.2 | K12: =SUMIFS(Invoice_Data!$H:$H,Invoice_Data!$A:$A,H12,Invoice_Data!$E:$E,20,Invoice_Data!$K:$K,0) -> 1323.541 | L12: =SUMIFS(Invoice_Data!$M:$M,Invoice_Data!$A:$A,H12,Invoice_Data!$E:$E,20) -> 542.65 | M12: =SUMIFS(Invoice_Data!$N:$N,Invoice_Data!$A:$A,H12) -> 0
A13: Estimated Avg Daily Positions | B13: =B12/_xlfn.SINGLE(_xlfn.MAXIFS(Invoice_Data!$L:$L,Invoice_Data!$A:$A,B$8)) -> 1164.5263 | C13: =C12/_xlfn.MAXIFS(Invoice_Data!$L:$L,Invoice_Data!$A:$A,C$8) -> 1698.5462 | D13: =D12/_xlfn.MAXIFS(Invoice_Data!$L:$L,Invoice_Data!$A:$A,D$8) -> 1942.1571 | E13: =E12/_xlfn.MAXIFS(Invoice_Data!$L:$L,Invoice_Data!$A:$A,E$8) -> 1481.6587 | F13: Total Storage Qty / Days in Month
A14: Cost per Storage Position / Month | B14: =IFERROR(B9/B13,0) -> 20.384126 | C14: =IFERROR(C9/C13,0) -> 19.466071 | D14: =IFERROR(D9/D13,0) -> 18.479998 | E14: =IFERROR(E9/E13,0) -> 20.236678 | F14: Net Storage Spend / Estimated Avg Daily Positions
A15: Cost per Qty Unit | B15: =IFERROR(B9/B12,0) -> 0.65755245 | C15: =IFERROR(C9/C12,0) -> 0.62793777 | D15: =IFERROR(D9/D12,0) -> 0.65999993 | E15: =IFERROR(E9/E12,0) -> 0.65279607 | F15: Net Storage Spend / Total Storage Qty | H15: Month | I15: Net Spend | J15: Total Qty | K15: Avg Daily Positions | L15: Cost/Position | M15: Aging %
A16: Inventory Aging % | B16: =IFERROR(SUMIFS(Invoice_Data!$Q:$Q,Invoice_Data!$A:$A,B$8)/B12,0) -> 0.0097897763 | C16: =IFERROR(SUMIFS(Invoice_Data!$Q:$Q,Invoice_Data!$A:$A,C$8)/C12,0) -> 0 | D16: =IFERROR(SUMIFS(Invoice_Data!$Q:$Q,Invoice_Data!$A:$A,D$8)/D12,0) -> 0 | E16: =IFERROR(SUMIFS(Invoice_Data!$Q:$Q,Invoice_Data!$A:$A,E$8)/E12,0) -> 0.028815591 | F16: Post-30-Day Qty / Total Storage Qty | H16: Dec-2025 | I16: =B9 -> 23737.85 | J16: =B12 -> 36100.314 | K16: =B13 -> 1164.5263 | L16: =B14 -> 20.384126 | M16: =B16 -> 0.0097897763
A17: Storage Volume Trend | B17: N/A | C17: =IFERROR((C12-B12)/B12,0) -> 0.45857266 | D17: =IFERROR((D12-C12)/C12,0) -> 0.032769372 | E17: =IFERROR((E12-D12)/D12,0) -> -0.15536813 | F17: (Current Month Total Qty - Prior Month Total Qty) / Prior Month Total Qty | H17: Jan-2026 | I17: =C9 -> 33064.02 | J17: =C12 -> 52654.931 | K17: =C13 -> 1698.5462 | L17: =C14 -> 19.466071 | M17: =C16 -> 0
A18: Spend Trend | B18: N/A | C18: =IFERROR((C9-B9)/B9,0) -> 0.39288183 | D18: =IFERROR((D9-C9)/C9,0) -> 0.085502005 | E18: =IFERROR((E9-D9)/D9,0) -> -0.16458723 | F18: (Current Month Net Spend - Prior Month Net Spend) / Prior Month Net Spend | H18: Feb-2026 | I18: =D9 -> 35891.06 | J18: =D12 -> 54380.4 | K18: =D13 -> 1942.1571 | L18: =D14 -> 18.479998 | M18: =D16 -> 0
A19: Billing Recovery Rate | B19: =IFERROR(B11/B10,0) -> 0 | C19: =IFERROR(C11/C10,0) -> 0.048579013 | D19: =IFERROR(D11/D10,0) -> 0 | E19: =IFERROR(E11/E10,0) -> 0 | F19: Credits / Gross Invoice Cost | H19: Mar-2026 | I19: =E9 -> 29983.85 | J19: =E12 -> 45931.419 | K19: =E13 -> 1481.6587 | L19: =E14 -> 20.236678 | M19: =E16 -> 0.028815591
A22: Item # | B22: Material | C22: Description | D22: Unit Rate | E22: Business Meaning
A23: 10 | B23: 5704621 | C23: RECEIVING, STORAGE FEE 1ST- END OF MONTH | D23: 0.66 | E23: Main standard receiving/storage cost driver
A24: 20 | B24: 5704618 | C24: STORAGE FEE MONTHLY POST 30 DAYS | D24: 0.41 | E24: Aging inventory storage charge
A26: Note: The position-based KPIs are estimates. They assume the McKesson Qty field is a daily storage metric such as pallet-days, bin-days, or location-days. The first question for McKesson should be to define the Qty field for Item 5704621 and Item 5704618.

Sheet Assumptions_Questions
A1: Topic | B1: Assumption / Question
A2: Qty Definition | B2: The invoices do not confirm whether Qty means pallet-days, bin-days, location-days, cases, vials, or another billing unit.
A3: Estimated Average Daily Positions | B3: Calculated as Total Qty / Days in Month. This is an estimate only until McKesson confirms the Qty definition.
A4: Question for McKesson | B4: What exactly does the Qty field represent for Item 5704621 and Item 5704618?
A5: Question for McKesson | B5: Can McKesson provide the detailed storage report supporting each monthly invoice?
A6: Question for McKesson | B6: Which SKUs generated the post-30-day storage charges in December and March?
A7: Question for McKesson | B7: Can McKesson provide aging buckets: 0-30, 31-60, 61-90, and 90+ days?
A10: Note: Lets wait for MCKesson document invoice account creation before we ask the questions
